Название товара,Код товара,Наличие товара,Цена,Линк на магазин,Картинка товара
Плита комбінована Grifon C642W-MAB1 60 см,C642W-MAB1,Готово до відправки,9999,https://prom.ua/ua/c2913598-stinol-internet-magazin.html,https://images.prom.ua/4798105313_w640_h640_plita-kombinirovannaya-grifon.jpg
Плитка газова настільна 3 конфорки,,Готово до відправки,810,https://prom.ua/ua/c174433-tov-mirua-safegas.html,https://images.prom.ua/5914584318_w640_h640_plitka-gazovaya-nastolnaya.jpg
Керамічна індукційна плита Besser 10212 2000 Вт.,006196,Готово до відправки,695,https://prom.ua/ua/c242882-megahertz-internet-magazin.html,https://images.prom.ua/2177086421_w640_h640_plita-induktsionnaya-keramicheskaya.jpg
Плита інфрачервона електрична RAF R.8050 двоконфоркова настільна електроплита із сенсорним керуванням,8050,Готово до відправки,2758,https://prom.ua/ua/c3568683-urfin-dzhyus.html,https://images.prom.ua/6830985840_w640_h640_plita-infrakrasnaya-elektricheskaya.jpg
"Плитка газова настільна 3 конфорки, комплект підключення",,Готово до відправки,1200,https://prom.ua/ua/c174433-tov-mirua-safegas.html,https://images.prom.ua/4692274957_w640_h640_plitka-gazovaya-nastolnaya.jpg
Побутова кухонна настільна електроплита 2 кВт електричні кухонні сенсорні плити настільні Zepline 4400W,,Готово до відправки,2685,https://prom.ua/ua/c3903379-top-shop.html,https://images.prom.ua/6377379827_w640_h640_bytovaya-kuhonnaya-nastolnaya.jpg
Настільна газова плита Rainberg RB-2229 на 2 конфорки з чавунною підставкою та кришкою,RB2229,Готово до відправки,749,https://prom.ua/ua/c3956787-ideashop.html,https://images.prom.ua/6842310382_w640_h640_nastolnaya-gazovaya-plita.jpg
"Настільна двоконфоркова індукційна плита Besser Professional 10364, 2000+1500 Вт, склокераміка",10364,В наявності,2069,https://prom.ua/ua/c3393440-intromag.html,https://images.prom.ua/6503614237_w640_h640_nastolnaya-dvuhkonforochnaya-induktsionnaya.jpg
"Плита комбінована Canrey CGEK 6060 KGT BG Country ( поверхня газова, духовка eлектрична )",84406,Готово до відправки,13000,https://prom.ua/ua/c3790590-3qmax.html,https://images.prom.ua/6676201652_w640_h640_plita-kombinirovannaya-canrey.jpg
Плита DAHATI 2000-64Х Гриль Чугун Розпал,,Готово до відправки,8800,https://prom.ua/ua/c177421-tov-armagaz-ukraina.html,https://images.prom.ua/5379301635_w640_h640_plita-dahati-2000-64x.jpg
Електроплита DOMOTEC Німеччина індукційна на 1 конфорку 2000 Вт WD 7896 IO,,Готово до відправки,1166,https://prom.ua/ua/c3738556-market24.html,https://images.prom.ua/3994844608_w640_h640_elektroplita-domotec-germaniya.jpg
Плита індукційна на 2 конфорки Rainberg RB-817 4200W,817,Готово до відправки,2629,https://prom.ua/ua/c2840148-internet-magazin-eltim.html,https://images.prom.ua/3447118530_w640_h640_plita-induktsionnaya-na.jpg
Електроплита Esperanza EKH007K 2500 Вт,100396,Готово до відправки,699,https://prom.ua/ua/c3341792-elmediasale.html,https://images.prom.ua/5435745780_w640_h640_elektroplita-esperanza-ekh007k.jpg
"Багатофункціональна інфрачервона електроплита СВ-1331 2 конфорки, сенсор, 2000 Вт HP227",243WX1331,Готово до відправки,1954,https://prom.ua/ua/c3891842-happyhouse.html,https://images.prom.ua/6698262996_w640_h640_mnogofunktsionalnaya-infrakrasnaya-elektroplita.jpg
Настільна газова плита Ventolux HGT 620 ES (BK) із газ контролем,v798,Готово до відправки,2299,https://prom.ua/ua/c2520086-euro-tech.html,https://images.prom.ua/5288806568_w640_h640_nastolnaya-gazovaya-plita.jpg
"Настільна електроплита індукційна, Domotec MS-5833, електрична плита на 1 конфорку 2000W чорна",8120,Готово до відправки,960,https://prom.ua/ua/c3411910-top-chik-tovari.html,https://images.prom.ua/6307922857_w640_h640_nastolnaya-elektroplita-induktsionnaya.jpg
"Настільна газова плита на 2 конфорки Domotec MS 6602 / Двоконфоркова плита, таганок",234562789,Готово до відправки,569,https://prom.ua/ua/c3394094-hugo.html,https://images.prom.ua/3861567376_w640_h640_nastolnaya-plita-gazovaya.jpg
Електрична плита Irvings IHPSE02 Chrome 1800W,100405,Готово до відправки,650,https://prom.ua/ua/c3341792-elmediasale.html,https://images.prom.ua/4211480599_w640_h640_elektricheskaya-plita-irvings.jpg
Електропліта Domotec Німеччина спіраль (тен) подвійна,,Готово до відправки,935,https://prom.ua/ua/c3871385-internet-magazin-grandmarket24.html,https://images.prom.ua/5031100694_w640_h640_elektroplita-domotec-germaniya.jpg
Електроплита спіральна Rainberg Rb-888 iC227,RB888ELPLT,Готово до відправки,545,https://prom.ua/ua/c3873618-iziclick.html,https://images.prom.ua/5074607308_w640_h640_elektroplita-spiralnaya-rainberg.jpg
Комбінована плита ARDESTO CTC-NS5015B,CTC-NS5015B,Готово до відправки,2410,https://prom.ua/ua/c2757709-internet-magazin-brend.html,https://images.prom.ua/4183271530_w640_h640_plita-gazovaya-s.jpg
"Інфрачервона електроплита, 2000Вт, 1 конфорка, СВ-1320 / Електрична настільна плита / Плита електрична",234589746,Готово до відправки,881,https://prom.ua/ua/c4104594-yatka.html,https://images.prom.ua/6699146332_w640_h640_infrakrasnaya-elektroplita-2000vt.jpg
"Електроплита настільна побутова, електроплитки настільні для дачі, електро плити настільні Crownberg CB-1330",,Готово до відправки,2788,https://prom.ua/ua/c4064741-market-opt.html,https://images.prom.ua/6497457463_w640_h640_elektroplita-nastolnaya-bytovaya.jpg
Електрична індукційна плита Esperanza EKH008 4 кВт настільна варильна панель на 2 конфорки із загартованим склом LED дисплей 4,EKH008,Готово до відправки,3588,https://prom.ua/ua/c3834036-vasana-shop.html,https://images.prom.ua/4640556614_w640_h640_elektricheskaya-induktsionnaya-plita.jpg
"Електрична плитка одноконфоркова з неіржавкої сталі Rainberg, Потужна настільна електроплита",56743,Готово до відправки,625,https://prom.ua/ua/c2023632-mrvolt.html,https://images.prom.ua/4658171038_w640_h640_elektricheskaya-plitka-odnokonforochnaya.jpg
"Плита комбінована Canrey CGEK 5060 KGT BM ( поверхня газова, духовка електрична )",84303,Готово до відправки,11500,https://prom.ua/ua/c3790590-3qmax.html,https://images.prom.ua/6676201622_w640_h640_plita-kombinirovannaya-canrey.jpg
Индукционная плита Ardesto ICS-B217,ICS-B217,Готово до відправки,2640,https://prom.ua/ua/c2176105-market-plyus.html,https://images.prom.ua/6898097185_w640_h640_induktsionnaya-plita-ardesto.jpg
Інфрачервона плита Crownberg CB-1330 HP227,1330CBELPLT,Готово до відправки,2606,https://prom.ua/ua/c3891842-happyhouse.html,https://images.prom.ua/5451403992_w640_h640_infrakrasnaya-plita-crownberg.jpg
Німецька індукційна плита Silver Crest SDI 3500 C3 3500 Вт 60-240 °C,4961,В наявності,3700,https://prom.ua/ua/c2619849-europro-tehnika-evropy.html,https://images.prom.ua/4363258254_w640_h640_nemetskaya-induktsionnaya-plita.jpg
Індукційна електроплита BESSER 2000 ват (10212) Керамічна,10212,Готово до відправки,694,https://prom.ua/ua/c2172355-shestoj-kilometr.html,https://images.prom.ua/4197367069_w640_h640_induktsionnaya-elektroplita-besser.jpg
"Індукційна електроплита BITEK BT-8017: 2000Вт, 1 конфорка - компактна та ефективна кухонна плита",EM-6738,Готово до відправки,874,https://prom.ua/ua/c3759336-primetorgod.html,https://images.prom.ua/5905428772_w640_h640_induktsionnaya-elektroplita-bitek.jpg
"Електрична настільна плита Suntera SP-1910 1000 Вт, Переносна електрична плита, Міні-плита для дому EO-58",45is266,Готово до відправки,543,https://prom.ua/ua/c3271803-trinity-internet-magazin.html,https://images.prom.ua/5889881436_w640_h640_perenosnaya-elektricheskaya-plita.jpg
"Плита комбінована Canrey CGEK 6060 KGT IX (поверхня газова, духовка електрична)",85107,Готово до відправки,14000,https://prom.ua/ua/c3790590-3qmax.html,https://images.prom.ua/6675544615_w640_h640_plita-kombinirovannaya-canrey.jpg
"Інфрачервона електроплита 2000Вт, одна конфорка, СВ-1320 / Електрична настільна плита",234589746,Готово до відправки,825,https://prom.ua/ua/c3394094-hugo.html,https://images.prom.ua/6694510943_w640_h640_infrakrasnaya-elektroplita-2000vt.jpg
"Електроплита спіральна настільна для компактного використання на кухні, дачі або в гуртожитку 1000 Вт. BROWN",CB3740 /BRN01,Готово до відправки,543,https://prom.ua/ua/c4145565-horoshopp.html,https://images.prom.ua/6909407256_w640_h640_elektroplita-spiralnaya-nastolnaya.jpg
"Плита газова настільна Domotec MS-6603 на 3 конфорки, чорна",018969,В наявності,745,https://prom.ua/ua/c242882-megahertz-internet-magazin.html,https://images.prom.ua/3829134765_w640_h640_plita-gazovaya-nastolnaya.jpg
Індукційна плита електрична Esperanza Польща Потужна,,Готово до відправки,1406,https://prom.ua/ua/c3871385-internet-magazin-grandmarket24.html,https://images.prom.ua/5031116516_w640_h640_elektricheskaya-induktsionnaya-plita.jpg
Електроплита Rainberg RB-555 спіральна Біла iC227,RB555ELPLT,Готово до відправки,294,https://prom.ua/ua/c3873618-iziclick.html,https://images.prom.ua/5074607303_w640_h640_elektroplita-rainberg-rb-555.jpg
Настільна газова плита Мрія 3 конфорки нержавіюча сталь,,Готово до відправки,1500,https://prom.ua/ua/c3356305-world.html,https://images.prom.ua/6860985839_w640_h640_nastolnaya-gazovaya-plita.jpg
Двоконфоркова електрична піч Леміра широкий тен,3п,Готово до відправки,1350,https://prom.ua/ua/c4006587-skrynya-shop.html,https://images.prom.ua/6724289261_w640_h640_dvuhkonforochnaya-elektricheskaya-pech.jpg
"Плита електрична переносна на 2 конфорки JX-2020B спіральна настільна, Побутова кухонна плита",ND 2020,Готово до відправки,689,https://prom.ua/ua/c3418495-aktualnye-tovary-samym.html,https://images.prom.ua/5632228298_w640_h640_plita-elektricheskaya-perenosnaya.jpg
Газова плита настільна (під балон) Мрія 2 конфорки з пьєзопідпалом нержавіюча сталь скляна поверхня,,Готово до відправки,1499,https://prom.ua/ua/c2927676-goodsmarket.html,https://images.prom.ua/6273452244_w640_h640_gazovaya-plita-nastolnaya.jpg
Газова кухонна плита з 3 конфорками настільний таганок з п'єзопідпалом для дому дачі переносна пічка,MKS00328,Готово до відправки,1724,https://prom.ua/ua/c3973849-mega-king-shop.html,https://images.prom.ua/6364673985_w640_h640_gazovaya-kuhonnaya-plita.jpg
Плита комбінована Fiesta C 6403 SAD-B 60 см,C 6403 SAD-B,Готово до відправки,9999,https://prom.ua/ua/c2913598-stinol-internet-magazin.html,https://images.prom.ua/3947714811_w640_h640_plita-kombinirovannaya-fiesta.jpg
"Плита настільна газова на 4 конфорки з кришкою Rainberg RB-2227, Побутова кухонна плита для балонного газу",PLI-102,Готово до відправки,1490,https://prom.ua/ua/c3394117-sitytop-magazin-tovarov.html,https://images.prom.ua/5033348108_w640_h640_plita-nastolnaya-gazovaya.jpg
Плита настільна електрична 500 ват / Hot Plate /Tozk (ТО-1001),10-01,Готово до відправки,365,https://prom.ua/ua/c2944432-kreo-stil-internet.html,https://images.prom.ua/6145907943_w640_h640_plita-nastolnaya-elektricheskaya.jpg
"Інфрачервона електрична плита Zepline 2200 Вт, Плита настільна одноконфоркова сенсорна з таймером",ZP-061,Готово до відправки,1150,https://prom.ua/ua/c3782841-big-shopping.html,https://images.prom.ua/6492966843_w640_h640_infrakrasnaya-elektricheskaya-plita.jpg
Настільна плита на сухому паливі в китайському традиційному стилі,,Під замовлення. Відправка з 11.01.2026,500,https://prom.ua/ua/c3743977-modern-depot.html,https://images.prom.ua/4474020775_w640_h640_nastolnaya-plita-na.jpg
Дискова електроплита настільна неіржавка на одну 1 конфорку Rainberg Потужна одноконфоркова плитка 2000W,O-RB009,Готово до відправки,715,https://prom.ua/ua/c3725087-odevise.html,https://images.prom.ua/4488507227_w640_h640_diskovaya-elektroplita-nastolnaya.jpg
Плита електрична ARTEL COMARELLA 50 00-E BROWN,438179789,В наявності,11999,https://prom.ua/ua/c4113547-magazin-pobutovoyi-tehniki.html,https://images.prom.ua/6719710908_w640_h640_plita-elektricheskaya-artel.jpg
Електропліта настільна індукційна Rotex RIO225-G,RIO225-G,Готово до відправки,1399,https://prom.ua/ua/c2881113-feyeriya.html,https://images.prom.ua/6795845756_w640_h640_elektroplita-nastolnaya-induktsionnaya.jpg
Плита електрична інфочервона з 4 режимами 3200 Вт Rainberg настільна сенсорна електроплита з дисплеєм,PLI-112,Готово до відправки,1099,https://prom.ua/ua/c3482170-hip-shop-kachestvennyh.html,https://images.prom.ua/6422829065_w640_h640_plita-elektricheskaya-infokrasnaya.jpg
"Настільна газова плита Sokany SK-07005 одна конфорка, чорний",,В наявності,525,https://prom.ua/ua/c3573855-kot.html,https://images.prom.ua/6788373586_w640_h640_nastolnaya-gazovaya-plita.jpg
Настільна електрична плита спіральна однокомфорна для дачі гуртожитку швидкого приготування їжі 1000 Вт BROWN,JX1010B  /BRN01,Готово до відправки,608,https://prom.ua/ua/c4145565-horoshopp.html,https://images.prom.ua/6909413440_w640_h640_nastolnaya-elektricheskaya-plita.jpg
Газова плита настільна портативна для кемпінгу та дачі з двома конфорками та електрозапалом. BROWN,RB2231 /BRN01,Готово до відправки,1912,https://prom.ua/ua/c4145565-horoshopp.html,https://images.prom.ua/6909372339_w640_h640_gazovaya-plita-nastolnaya.jpg
Плита інфрачервона потужна для приготування їжі з індукційним нагрівом 3200Вт для дому та професійної кухні. BROWN,RB2278 /BRN01,Готово до відправки,1342,https://prom.ua/ua/c4145565-horoshopp.html,https://images.prom.ua/6907233568_w640_h640_plita-infrakrasnaya-moschnaya.jpg
Газова плита настільна з двома конфорками для дачі квартири активного відпочинку приготування їжі. BROWN,RB2233 /BRN01,Готово до відправки,1606,https://prom.ua/ua/c4145565-horoshopp.html,https://images.prom.ua/6909382047_w640_h640_gazovaya-plita-nastolnaya.jpg
"Газова Плита Domotec MS 6604 (4 конфорки), Енергоефективна плита на газу",SK 6846,Готово до відправки,1149,https://prom.ua/ua/c3418495-aktualnye-tovary-samym.html,https://images.prom.ua/5115541104_w640_h640_gazovaya-plita-domotec.jpg
Індукційна плита SilverCrest SDI 3500 C3 3500 Вт Настільна Сенсорна плита діапазон температур: 60-240°С,SDI 3500 C3,Готово до відправки,4395,https://prom.ua/ua/c3869192-robifobi.html,https://images.prom.ua/6771359520_w640_h640_induktsionnaya-plita-silvercrest.jpg
Електроплита CROWNBERG СВ-3740 1000W спіральна,CB3740,Готово до відправки,244,https://prom.ua/ua/c2906599-internet-magazin-aveon.html,https://images.prom.ua/3960559659_w640_h640_elektroplita-crownberg-sv-3740.jpg
Плита електрична двокомфоркова дискова RAF R8020A/2020A з регулюванням потужностей HP227,R8020APLT,Готово до відправки,527,https://prom.ua/ua/c3891842-happyhouse.html,https://images.prom.ua/5571558147_w640_h640_plita-elektricheskaya-dvuhkomforochnaya.jpg
Газова плита настільна на 1 конфорку міні газова плита Sokany для дачі під балонний газ Чорна Lugi,SK07005,Готово до відправки,819,https://prom.ua/ua/c3902622-kikihome-internet-magazin.html,https://images.prom.ua/6885825106_w640_h640_gazovaya-plita-nastolnaya.jpg
Газова Плита 2 конфорки RAINBERG турбо з авто підпалом на дві комфорки настільна газова плитка пєзо підпал,,Готово до відправки,1390,https://prom.ua/ua/c3885043-buynow.html,https://images.prom.ua/5149963279_w640_h640_gazova-plita-2.jpg
Плита електрична 60см ELECTROLUX Б/У Данія Гарантія,,Готово до відправки,9500,https://prom.ua/ua/c4005120-euromars.html,https://images.prom.ua/6910019467_w640_h640_plita-elektricheskaya-60sm.jpg
"Електроплитка Термія ЕПЧ - 1,5 кВт (конфорка чавунна, нержавійка)",131115015,Готово до відправки,1134,https://prom.ua/ua/c2583761-climatok.html,https://images.prom.ua/1837788804_w640_h640_elektroplitka-termiya-epch.jpg
Плита газова настільна плитка таганок Styleberg ST-2722 на 2 конфорки для балонного газу,2722,Готово до відправки,1198,https://prom.ua/ua/c3568683-urfin-dzhyus.html,https://images.prom.ua/6899185377_w640_h640_plita-gazovaya-nastolnaya.jpg
Плита електрична Rainberg RB-007 настільна двокомфоркова 3500 Вт + 5 режимів роботи Сіра,RB007,Готово до відправки,816,https://prom.ua/ua/c2906599-internet-magazin-aveon.html,https://images.prom.ua/4527673154_w640_h640_plita-elektricheskaya-rainberg.jpg
Плита газова Grunhelm G4F5600W 139414 Газова плита з духовкою tp,BP-139414,Готово до відправки,11699,https://prom.ua/ua/c3539998-mega-tool.html,https://images.prom.ua/6721257021_w640_h640_plita-gazovaya-grunhelm.jpg
Газоелектрична біла плита Grunhelm AM6611W 119421 газова плита комбінована духовка 70 л,BP-119421,Готово до відправки,13039,https://prom.ua/ua/c3539998-mega-tool.html,https://images.prom.ua/6721257172_w640_h640_gazoelektricheskaya-belaya-plita.jpg
Плита газоелектрична нержавійка Grunhelm FD66234I 139410 комбінована плита з електродуховкою tp,BP-139410,Готово до відправки,22419,https://prom.ua/ua/c3539998-mega-tool.html,https://images.prom.ua/6721257186_w640_h640_plita-gazoelektricheskaya-nerzhaveyuschaya.jpg
Настільна плита Ardesto ICS-B116 (z35201),35201,Готово до відправки,1102,https://prom.ua/ua/c3982228-mams.html,https://images.prom.ua/6253592706_w640_h640_nastolnaya-plita-ardesto.jpg
Плита CB-1322 Плита настільна 2000 Вт Плита настільна інфрачервона Crownberg Інфрачервона плита,CB-1322,Готово до відправки,1399,https://prom.ua/ua/c3869192-robifobi.html,https://images.prom.ua/6847960860_w640_h640_plita-cb-1322-plita.jpg
Електрична плита одноконфоркова спіральна RAF-8010Bплита одноконфоркова спіральна RAF-8010B,102999,Готово до відправки,329,https://prom.ua/ua/c3252508-zipp.html,https://images.prom.ua/3925328854_w640_h640_elektricheskaya-plita-odnokonforochnaya.jpg
Плита електрична спіральна на 2 конфорки 5 режимів 1200 Вт Rainberg Настільна кухонна електроплита,PLI-035,Готово до відправки,639,https://prom.ua/ua/c3931760-techelegance.html,https://images.prom.ua/5731243036_w640_h640_plita-elektricheskaya-spiralnaya.jpg
"Настільна інфрачервона плита Zepline ZP-061 2200 Вт, Потужна одноконфоркова електроплита зі склокераміки",PLI-095,Готово до відправки,1239,https://prom.ua/ua/c3669839-technonew.html,https://images.prom.ua/4246567786_w640_h640_nastolnaya-infrakrasnaya-plita.jpg
Плита настільна Ardesto ICS-B216,ICS-B216,Готово до відправки,2671,https://prom.ua/ua/c2757709-internet-magazin-brend.html,https://images.prom.ua/2274679226_w640_h640_vertikalnaya-induktsionnaya-dvojnaya.jpg
Електроплита індукційна настільна Besser 10212 - кухонна плита 2000 Вт,200117,Готово до відправки,1100,https://prom.ua/ua/c3271803-trinity-internet-magazin.html,https://images.prom.ua/2102733003_w640_h640_elektroplita-induktsionnaya-nastolnaya.jpg
Газова плита ARTEL OTTIMA-G White,1000323,В наявності,10999,https://prom.ua/ua/c4113547-magazin-pobutovoyi-tehniki.html,https://images.prom.ua/6719687048_w640_h640_gazova-plita-artel.jpg
Газова плита серая ARTEL OTTIMA-G,Apetito OTTIMA-G Grey,В наявності,9799,https://prom.ua/ua/c4113547-magazin-pobutovoyi-tehniki.html,https://images.prom.ua/6719690792_w640_h640_gazovaya-plita-seraya.jpg
Плита газова Milano ML55G1/07 Inox,,В наявності,6999,https://prom.ua/ua/c4113547-magazin-pobutovoyi-tehniki.html,https://images.prom.ua/6927560205_w640_h640_plita-gazova-milano.jpg
Настільна індукційна електроплитка Ardesto ICS-B100,6431~13,В наявності,974,https://prom.ua/ua/c3726748-merkurij.html,https://images.prom.ua/4601865428_w640_h640_nastolnaya-induktsionnaya-elektroplitka.jpg
"Електроплитка настільна ""Леміра"" Два чавунних ТЕНа ЕПЛ-Т 2-3,0 кВт / 220В",,Готово до відправки,1450,https://prom.ua/ua/c3363818-internet-magazin-vinbazis.html,https://images.prom.ua/4485326686_w640_h640_elektroplitka-nastolnaya-lemira.jpg
Електроплитка Елна 010Н Мрія (Широкий тен) електрична плита 1 квт,,Готово до відправки,900,https://prom.ua/ua/c3363818-internet-magazin-vinbazis.html,https://images.prom.ua/5958195753_w640_h640_elektroplita-elna-010n.jpg
Електроплита Елна 002Н млинна 2х конфоркова,,Готово до відправки,1650,https://prom.ua/ua/c3363818-internet-magazin-vinbazis.html,https://images.prom.ua/6665802964_w640_h640_elektroplita-elna-002n.jpg
Настільна електрична індукційна плита Grunhelm GI-909,,Готово до відправки,849,https://prom.ua/ua/c3363818-internet-magazin-vinbazis.html,https://images.prom.ua/6221439555_w640_h640_nastolnaya-elektricheskaya-induktsionnaya.jpg
"Портативна переносна плита Domotec MS-5801 1000 Вт, Плити настільні для кухні переносні IB-19",6i6g629,Готово до відправки,387,https://prom.ua/ua/c4128973-godzilla-market.html,https://images.prom.ua/6828032739_w640_h640_elektricheskaya-plita-dlya.jpg
"Надійна кухонна плита, Плита електрична настільна електроплитка, Потужна одноконфорочна електроплита MD-60",34g3e3j61,Готово до відправки,932,https://prom.ua/ua/c4128973-godzilla-market.html,https://images.prom.ua/6820509381_w640_h640_elektroplita-2-konforki.jpg
"Портативна електрична електроплита Suntera, Настільна плита для приготування їжі, Електро електроплити CH-20",155t9y8,Готово до відправки,588,https://prom.ua/ua/c4128973-godzilla-market.html,https://images.prom.ua/6820510595_w640_h640_plitka-elektricheskaya-perenosnaya.jpg
"Потужна настільна електроплита Suntera SP-1930 черная, Електроплити одноконфорочні IY-38",31978lbh1,Готово до відправки,676,https://prom.ua/ua/c4128973-godzilla-market.html,https://images.prom.ua/6820510633_w640_h640_bytovaya-perenosnaya-elektroplita.jpg
"Плити для приготування Suntera, Електрична плитка на стіл, Електричні плити хорошої якості CI-64",s612im8jf4,Готово до відправки,1248,https://prom.ua/ua/c4128973-godzilla-market.html,https://images.prom.ua/6820510643_w640_h640_malenkie-elektricheskie-plity.jpg
"Електроплитка Термія ЕПЧ - 1,5 кВт (конфорка чавунна, білий / коричневий)",131111015,Готово до відправки,1044,https://prom.ua/ua/c2583761-climatok.html,https://images.prom.ua/1835651871_w640_h640_elektroplitka-termiya-epch.jpg
"Газова настільна плита SOKANY SK-07022, 2 конфорки, нержавіюча сталь, компактна та безпечна",SK-07022,Готово до відправки,603,https://prom.ua/ua/c3826889-primediscount.html,https://images.prom.ua/6824892433_w640_h640_gazovaya-nastolnaya-plita.jpg
Плита газова DAHATI 2000-08S Нержавійка Гриль,,Готово до відправки,7500,https://prom.ua/ua/c177421-tov-armagaz-ukraina.html,https://images.prom.ua/3564470452_w640_h640_plita-gazovaya-dahati.jpg
"Настільна газова плита на 2 конфорки (4,4 кВт) Domotec MS 6606 / Двоконфоркова плита з нержавіючої сталі",234567757,Готово до відправки,903,https://prom.ua/ua/c4104594-yatka.html,https://images.prom.ua/6665341847_w640_h640_nastolnaya-gazovaya-plita.jpg
"Електрична плита настільна на 2 конфорки, 2000Вт, JX-2020B / Електрична панель з двома конфорками",234569371,Готово до відправки,532,https://prom.ua/ua/c4104594-yatka.html,https://images.prom.ua/6665353118_w640_h640_elektricheskaya-plita-nastolnaya.jpg
"Настільна плита індукційна на 1 конфорку, 2000Вт, BITEK BT-8017 / Електроплита / Варильна поверхня",234576762,Готово до відправки,900,https://prom.ua/ua/c4104594-yatka.html,https://images.prom.ua/6665465215_w640_h640_nastolnaya-plita-induktsionnaya.jpg
"Плита газова побутова настільна двоконфоркова, настільна газова піч плита газ на 2 конфорки Rainberg",,Готово до відправки,1584,https://prom.ua/ua/c3902907-best-shop.html,https://images.prom.ua/6152762536_w640_h640_plita-gazovaya-bytovaya.jpg
Інфрачервона електроплита 4400 W Zepline ZP-062 Настільна двоконфоркова сенсорна електроплита для дому та дачІ,ZP-062,Готово до відправки,2850,https://prom.ua/ua/c4108776-kuchenua.html,https://images.prom.ua/6852975690_w640_h640_infrakrasnaya-elektroplita-4400.jpg
Газова настільна плита 2 конфорки портативна туристична плита з електропідпалом і газ-контролем BUV,RB2231/vub,Готово до відправки,1884,https://prom.ua/ua/c3996047-buyvol.html,https://images.prom.ua/6228067492_w640_h640_gazovaya-nastolnaya-plita.jpg
Електрична індукційна плита Rotex RIO145-G,,Готово до відправки,1149,https://prom.ua/ua/c942986-internet-magazin-rozprodazh.html,https://images.prom.ua/4833794311_w640_h640_elektricheskaya-induktsionnaya-plita.jpg
"Плита електрична Domotec MS-5821, одноконфоркова дискова плитка 1000 Вт, колір уточнюйте",3028,Готово до відправки,320,https://prom.ua/ua/c3290627-afa-7km.html,https://images.prom.ua/6332710136_w640_h640_plita-elektricheskaya-domotec.jpg
"Настільна газова плита, таганок ""Nurgaz"" на 3 конфорки 3007 Турція",,Готово до відправки,1462,https://prom.ua/ua/c4031240-tehnohome.html,https://images.prom.ua/6341605509_w640_h640_nastolnaya-gazovaya-plita.jpg
"Електроплитка Леміра ЕПП 2-2,4 кВт / 220В пірокерамічна",,Готово до відправки,1899,https://prom.ua/ua/c4031240-tehnohome.html,https://images.prom.ua/6725183669_w640_h640_elektroplitka-lemira-epp.jpg
Електроплитка Леміра ЕПП 1-1.2 кВт / 220В пірокерамічна 1 конфорка,,Готово до відправки,1100,https://prom.ua/ua/c4031240-tehnohome.html,https://images.prom.ua/6725183673_w640_h640_elektroplitka-lemira-epp.jpg
Плита газова з газовою духовкою Grunhelm G4F5600W (Біла),,Готово до відправки,7699,https://prom.ua/ua/c4063385-pobytteh-zavzhdi-dopomozhe.html,https://images.prom.ua/6498712312_w640_h640_plita-gazovaya-s.jpg
Настільна газова плита таганок на 2 конфорки Rainberg плитка для балонного газу для дому та дачі,PLI-021,Готово до відправки,1390,https://prom.ua/ua/c3931760-techelegance.html,https://images.prom.ua/6274993181_w640_h640_nastolnaya-gazovaya-plita.jpg
Настільна газова плита таганок на 2 конфорки Styleberg побутова для балонного газу для дому та дачі,PLI-066,Готово до відправки,1089,https://prom.ua/ua/c3931760-techelegance.html,https://images.prom.ua/5731663114_w640_h640_nastolnaya-gazovaya-plita.jpg
Настільний газовий таганок на 1 конфорку Domotec Побутова кухонна компактна газова плита для дому,PLI-097,Готово до відправки,490,https://prom.ua/ua/c3931760-techelegance.html,https://images.prom.ua/5731613102_w640_h640_nastolnyj-gazovyj-taganok.jpg
Плита газова DAHATI 2000-02Х,,Готово до відправки,6350,https://prom.ua/ua/c177421-tov-armagaz-ukraina.html,https://images.prom.ua/4871815796_w640_h640_plita-gazovaya-dahati.jpg
Електрична спиральна одноконфоркова плита Opera OP-5711 1000 Вт,10-02,Готово до відправки,375,https://prom.ua/ua/c3506732-klimat-ozoninternet-magazin.html,https://images.prom.ua/6463422989_w640_h640_elektricheskaya-spiralnaya-odnokonforochnaya.jpg
Газова плита настільна на 2 конфорки Domotec плита під балонний газ емальована,sp54521 cl,Готово до відправки,740,https://prom.ua/ua/c4036573-centerplus.html,https://images.prom.ua/6893540490_w640_h640_gazovaya-plita-nastolnaya.jpg
Настільна електрична плита Rsonic RS-1000 (переносна електроплита),RSONIC-BLK-0343,Готово до відправки,750,https://prom.ua/ua/c3588488-vinest.html,https://images.prom.ua/4793819525_w640_h640_nastolnaya-elektricheskaya-plita.jpg
Настільна газова плита Rainberg RB-2230 Переносна газова плита на 1 конфорку скло кераміка для дому.,RB-2230,Готово до відправки,1050,https://prom.ua/ua/c3738211-galaxy-shop.html,https://images.prom.ua/6228749473_w640_h640_nastolnaya-gazovaya-plita.jpg
"Комбінована газова плита газ/кераміка MultiChef 4 зони, варильна поверхня газ/електроліту 60 см",10036337,В наявності,11320,https://prom.ua/ua/c4082530-tehcnohub.html,https://images.prom.ua/6735028620_w640_h640_kombinirovannaya-gazovaya-plita.jpg
Компактная индукционная плита Crownberg электроплита 2000 Вт с двумя зонами нагрева и удобным управлением,CB-1332,Готово до відправки,2399,https://prom.ua/ua/c4082330-zakupochka.html,https://images.prom.ua/6727306611_w640_h640_mnogofunktsionalnaya-elektroplita-crownberg.jpg
Інфрачервона плита на дві конфорки Crownberg CB-1327 SN27,1327CBELPLT,Готово до відправки,2722,https://prom.ua/ua/c3888531-sense.html,https://images.prom.ua/5187157531_w640_h640_infrakrasnaya-plita-na.jpg
Електроплита інфрачервона Domotec MS-5842 SN27,5842MSELPLT,Готово до відправки,1049,https://prom.ua/ua/c3888531-sense.html,https://images.prom.ua/5186935804_w640_h640_elektroplita-infrakrasnaya-domotec.jpg
Плита інфрачервона Crownberg CB 1325 2000 Вт SV227,1325CB,Готово до відправки,1016,https://prom.ua/ua/c3877278-sevenhome.html,https://images.prom.ua/5096287041_w640_h640_plita-infrakrasnaya-crownberg.jpg
"Настільна плита індукційна на 1 конфорку, 2000Вт, BITEK BT-8017 / Електроплита / Варильна поверхня",234576762,В наявності,900,https://prom.ua/ua/c4105388-easyshop.html,https://images.prom.ua/6850781425_w640_h640_nastolnaya-plita-induktsionnaya.jpg
Індукційна плита Crownberg CB-1329 електроплита піч Індукційна,1329,Готово до відправки,2524,https://prom.ua/ua/c3600410-electro-city.html,https://images.prom.ua/3430385881_w640_h640_induktsionnaya-plita-crownberg.jpg
"Плита електрична Stenson ME-0012-S для кухні, 1000 Вт",1756375442,Готово до відправки,371,https://prom.ua/ua/c3025084-mama-cho-lee.html,https://images.prom.ua/3928404672_w640_h640_plita-elektricheskaya-stenson.jpg
"Настільна електроплита зручна Domotec MS-5801 1000 Вт, Переносна варильна плита, Конфорка електрична VQ-54",6pf662n9,Готово до відправки,486,https://prom.ua/ua/c3271803-trinity-internet-magazin.html,https://images.prom.ua/6819398426_w640_h640_plita-dlya-gotovki.jpg
"Плитка електрична переносна MAGIO, Плита кухонна переносна, Кухонна електрична плита TG-82",894u6q9au,Готово до відправки,1533,https://prom.ua/ua/c3271803-trinity-internet-magazin.html,https://images.prom.ua/6289714027_w640_h640_elektricheskaya-plitka-na.jpg
Настільна плита Ardesto GTC-NS1011W (o35095),35095,Готово до відправки,394,https://prom.ua/ua/c3982228-mams.html,https://images.prom.ua/6253589496_w640_h640_nastolnaya-plita-ardesto.jpg
Настільна плита Gorenje ICR2000SP (u515415),515415,Готово до відправки,1609,https://prom.ua/ua/c3982228-mams.html,https://images.prom.ua/6371967343_w640_h640_nastolnaya-plita-gorenje.jpg
Настільна плита SeaBreeze SB-061 (j35045),35045,Готово до відправки,459,https://prom.ua/ua/c3982228-mams.html,https://images.prom.ua/6500603531_w640_h640_nastolnaya-plita-seabreeze.jpg
Настільна плита Ardesto ICS-B100 (u35165),35165,Готово до відправки,792,https://prom.ua/ua/c3982228-mams.html,https://images.prom.ua/6549195312_w640_h640_nastolnaya-plita-ardesto.jpg
"Плита газова, таганок для балонного газу Yücel 2 конфорки з кришкою",1756375509,Готово до відправки,1771,https://prom.ua/ua/c3414981-viber-shop.html,https://images.prom.ua/4639257279_w640_h640_plita-gazovaya-taganok.jpg
Газова плита + Комплект для підключення газового балона,3216,Готово до відправки,810,https://prom.ua/ua/c3250124-safegasua.html,https://images.prom.ua/4588542557_w640_h640_gazova-plita-.jpg
Газова настільна плита 3 конф. зі штуцером підключення КОМПЛЕКТ CАVAGNA Італія,,Готово до відправки,1200,https://prom.ua/ua/c3369879-ballongasscn.html,https://images.prom.ua/4499044709_w640_h640_gazovaya-nastolnaya-plita.jpg
Газова Плита Steel Domotec MS 6606 плита з п'єзопідпалом Газовий таганок плита з неіржавкої сталі 2 конфорки,,В наявності,1090,https://prom.ua/ua/c3885043-buynow.html,https://images.prom.ua/5150325019_w640_h640_gazova-plita-steel.jpg
Плита електрична дискова на одну грудку BOKO H-002F 1000W Біла для дому,GS-4482,Готово до відправки,365,https://prom.ua/ua/c2467820-internet-magazin-embistm.html,https://images.prom.ua/6699514835_w640_h640_plita-elektricheskaya-diskovaya.jpg
Настільна плита електрична Monte 2117W-MT Білий,2117W-MT,Готово до відправки,1149,https://prom.ua/ua/c2913598-stinol-internet-magazin.html,https://images.prom.ua/4712633160_w640_h640_nastolnaya-plita-elektricheskaya.jpg
"Елeктрична плита Russell Hobbs 90 см, керамічна плита з 5 зонами нагрівання",,В наявності,6750,https://prom.ua/ua/c4101459-technodiscont.html,https://images.prom.ua/6671175880_w640_h640_elektricheskaya-plita-russell.jpg
Плита газова під магістральний газ центральний від труби,,В наявності,1000,https://prom.ua/ua/c2870063-tehnopan.html,https://images.prom.ua/4307468270_w640_h640_plita-gazova-pid.jpg
Плита електрична Grunhelm нова EFC5613W,EFC5613W,В наявності,16900,https://prom.ua/ua/c2249052-tehnika-evropy.html,https://images.prom.ua/6462044981_w640_h640_plita-elektricheskaya-grunhelm.jpg
"Функціональна індукційна варильна поверхня з двома великими конфорками Luxor EPI 340 DL, Німеччина",340 EPI,В наявності,4851,https://prom.ua/ua/c1493004-pro-100-market.html,https://images.prom.ua/3103732455_w640_h640_funktsionalnaya-induktsionnaya-varochnaya.jpg
Електроплита двоконфоркова настільна плита 2000 Вт Sokany SK-5110,SK-5110,Готово до відправки,699,https://prom.ua/ua/c2911853-nam-vam.html,https://images.prom.ua/6857606879_w640_h640_elektroplita-dvuhkonforochnaya-nastolnaya.jpg
"Електроплита Domotec MS-5821 на одну конфорку, 1000 Вт, компактна, сіра, для дому та дачі",8907,Готово до відправки,289,https://prom.ua/ua/c4064206-ogyrchik.html,https://images.prom.ua/6691741625_w640_h640_elektroplita-domotec-ms-5821.jpg
"Настільна плита електрична ESPERANZA EKH002K, чорна",SAL159.n,Готово до відправки,599,https://prom.ua/ua/c3768731-stfe-krasota-komfort.html,https://images.prom.ua/6800204353_w640_h640_nastolnaya-plita-elektricheskaya.jpg
Електроплита інфрачервона Domotec MS-5842 EL0227,5842MSELPLT,Готово до відправки,1081,https://prom.ua/ua/c3828746-elexion.html,https://images.prom.ua/4595164088_w640_h640_elektroplita-infrakrasnaya-domotec.jpg
Таганок (газова настільна плита) Vilgrand VGP-1014,VGP-1014,В наявності,1190,https://prom.ua/ua/c47848-magazin-partner.html,https://images.prom.ua/6528479113_w640_h640_taganok-gazovaya-nastolnaya.jpg
"Плита індукційна DSP KD-5049 2000 Вт, Електрична настільна плита, Плита зі склокераміки, Плита зі склокераміки",HT 1317,Готово до відправки,1399,https://prom.ua/ua/c3634949-trendovye-tovary-luchshim.html,https://images.prom.ua/4381976611_w640_h640_plita-induktsionnaya-dsp.jpg
Плита електрична G-1000W настільна кухонна плитка Електроплита Електричні настольні електроплисти wsx,00409,В наявності,309,https://prom.ua/ua/c3781744-olimp.html,https://images.prom.ua/4843301200_w640_h640_plita-elektricheskaya-g-1000w.jpg
Плита електрична G-2000W настільна кухонна плитка Електроплита Електричні настольні електроплисти wsx,00407,В наявності,619,https://prom.ua/ua/c3781744-olimp.html,https://images.prom.ua/4843317788_w640_h640_plita-elektricheskaya-g-2000w.jpg
"Електроплита Camry CR 6510 1500 Вт, 1 конфорка, 185 мм",д6510,Готово до відправки,799,https://prom.ua/ua/c3896025-hotbuy-internet-magazin.html,https://images.prom.ua/5238731984_w640_h640_elektroplita-camry-cr.jpg
"Плита Royalty Line DKP-2500.15 2 конфорки, 2500 Вт, нержавійка",рмз2500,Готово до відправки,1599,https://prom.ua/ua/c3896025-hotbuy-internet-magazin.html,https://images.prom.ua/5238732828_w640_h640_plita-royalty-line.jpg
"Індукційна плита Esperanza EKH005 2000 Вт, 5 режимів",р005,Готово до відправки,1099,https://prom.ua/ua/c3896025-hotbuy-internet-magazin.html,https://images.prom.ua/5238755523_w640_h640_induktsionnaya-plita-esperanza.jpg
"Електроплита Adler AD 6520 2 конфорки, 2500 Вт, термостат",м6520,Готово до відправки,1099,https://prom.ua/ua/c3896025-hotbuy-internet-magazin.html,https://images.prom.ua/6835728916_w640_h640_elektroplita-adler-ad.jpg
"Індукційна варильна поверхня Klarstein Delicatessa Domino Prime, 3500 Вт, 2 зони, гнучка зона, сенсорна",10045582,Готово до відправки,6300,https://prom.ua/ua/c3784475-internet-magazin-mark.html,https://images.prom.ua/6802629873_w640_h640_induktsionnaya-varochnaya-panel.jpg
Електроплита GRUNHELM GHP-5611,112728,Готово до відправки,475,https://prom.ua/ua/c3909006-toolmart.html,https://images.prom.ua/6425168155_w640_h640_elektroplita-grunhelm-ghp-5611.jpg
Електроплита настільна спіральна Rainberg RB-555 1200 Вт,,Готово до відправки,380,https://prom.ua/ua/c4057488-dimsad.html,https://images.prom.ua/6899349478_w640_h640_elektroplita-nastolnaya-spiralnaya.jpg
"Настільна електроплита (електроплитка) двоконфоркова побутова Esperanza, Плити настільні 2х конфоркові",ESP_EKH007W,Під замовлення. Відправка з 19.11.2025,778,https://prom.ua/ua/c3824919-forik-internet-gipermarket.html,https://images.prom.ua/5739554136_w640_h640_nastolnaya-elektroplita-elektroplitka.jpg
"Вбудована індукційна плита Klarstein Delicatessa Hybrid 77 см 4 зони 7000w Німеччина, варильна поверхня 5 зон сенсорна",10033023,В наявності,10843,https://prom.ua/ua/c4082530-tehcnohub.html,https://images.prom.ua/6749674352_w640_h640_vstraivaemaya-induktsionnaya-plita.jpg
Електроплита Domotec MS-5821 плита настільна,SK 3028,Готово до відправки,389,https://prom.ua/ua/c3634949-trendovye-tovary-luchshim.html,https://images.prom.ua/4381922913_w640_h640_elektroplita-domotec-ms-5821.jpg
Газова настільна плита Ferre O-200-BL 2-х конфоркова Туреччина з кришкою редуктор та шланг 2м,,Готово до відправки,1210,https://prom.ua/ua/c46635-tetra.html,https://images.prom.ua/6122424066_w640_h640_gazovaya-nastolnaya-plita.jpg
Електроплита на одну конфорку настільна Rainberg RB-777 Плита електрична одноконфоркова дискова,161,Готово до відправки,329,https://prom.ua/ua/c3480040-krok.html,https://images.prom.ua/6807313554_w640_h640_elektroplita-na-odnu.jpg
Електрична плита RAF-8010B 1000 Вт спіраль,,Готово до відправки,350,https://prom.ua/ua/c1892176-internet-magazin-elektroniki.html,https://images.prom.ua/4116336248_w640_h640_elektricheskaya-plita-raf-8010b.jpg
"Компактна електрична настільна плита 1000вт, Побутова переносна однокомфоркова плита для готування їжі поза домом, Потужна плитка",HHP-110B,В наявності,720,https://prom.ua/ua/c4058100-grancasa.html,https://images.prom.ua/6639903933_w640_h640_kompaktnaya-elektricheskaya-nastolnaya.jpg
Плита комбінована Beko FSM62320 DSS 60*60 газ електро,00-00006630,Готово до відправки,16499,https://prom.ua/ua/c2195029-delluxcomua.html,https://images.prom.ua/6343893585_w640_h640_plita-kombinirovannaya-beko.jpg
"Плита настільна емальована MAGIO MG-441 1350 Вт, Електрична настільна плита Електрична KT-12",89r46l9ke,Готово до відправки,1349,https://prom.ua/ua/c3996199-ananas-for-you.html,https://images.prom.ua/6620624502_w640_h640_portativnaya-induktsionnaya-elektroplita.jpg
"Плита електрична настільна компактна MAGIO, Варильна настільна плита, Потужна електроплита для дому CP-65",j1b3kz3i16,Готово до відправки,1646,https://prom.ua/ua/c3996199-ananas-for-you.html,https://images.prom.ua/6650747102_w640_h640_nadezhnaya-nastolnaya-plita.jpg
"Маленька електрична плитка Sea, Настільна потужна плита, Портативна плита для кухні AS-33",v2569xyxp8,Готово до відправки,629,https://prom.ua/ua/c3996199-ananas-for-you.html,https://images.prom.ua/6608282511_w640_h640_elektricheska-nastolnaya-plita.jpg
Індукційна плита на 1 конфорку Rainberg RB-2279 3500 Вт портативна,,Готово до відправки,999,https://prom.ua/ua/c3901371-lavender.html,https://images.prom.ua/6869531781_w640_h640_induktsionnaya-plita-na.jpg
"Електроплита настільна на одну конфорку 1000Вт, BOKO H-001 / Електрична плита / Електроплита",234565394,Готово до відправки,315,https://prom.ua/ua/c4024947-ekspress-shop.html,https://images.prom.ua/6366335654_w640_h640_elektroplita-nastolnaya-na.jpg
Індукційна плита Hausberg HB-1526AB,85598,Готово до відправки,1215,https://prom.ua/ua/c110723-internet-magazin-imperiya.html,https://images.prom.ua/3953988252_w640_h640_induktsionnaya-plita-hausberg.jpg
Індукційна варильна панель Cooknano Mono Induction Hob FM-C20A5S Компактна індукційна плита на 1 конфорку,006717,Готово до відправки,1490,https://prom.ua/ua/c3776559-stock-hub.html,https://images.prom.ua/6228480018_w640_h640_induktsionnaya-varochnaya-panel.jpg
Портативна індукційна плита Kiseely Induction Cooker Компактна електроплита 2200 Вт,011906,Готово до відправки,1291,https://prom.ua/ua/c3776559-stock-hub.html,https://images.prom.ua/6482827833_w640_h640_portativnaya-induktsionnaya-plita.jpg
Плита газова настільна для кухні 62303 3 конфорки,1760720967,Готово до відправки,844,https://prom.ua/ua/c3414981-viber-shop.html,https://images.prom.ua/4241321558_w640_h640_plita-gazovaya-nastolnaya.jpg
Індукційна подвійна плита Grunhelm GI-2021,,Готово до відправки,3550,https://prom.ua/ua/c2425421-veronikadnepr.html,https://images.prom.ua/6012480837_w640_h640_nastolnaya-plita-elektricheskaya.jpg
Міні електро-плита багатофункціональна ЄС вилка AD-500W,4434334,Готово до відправки,1340,https://prom.ua/ua/c3856004-target.html,https://images.prom.ua/6132664661_w640_h640_mini-elektro-plita-mnogofunktsionalnaya.jpg
Настільна електроплита Rainberg RВ-888 на 2 конфорки 2400W,NT888495,Готово до відправки,749,https://prom.ua/ua/c3343180-similot-internet-magazin.html,https://images.prom.ua/4665658783_w640_h640_nastilna-elektroplita-rainberg.jpg
Електроплита спіральна з двома конфорками,9086,В наявності,790,https://prom.ua/ua/c3911828-ksuu-store.html,https://images.prom.ua/6626997197_w640_h640_elektroplita-spiralnaya-s.jpg
Індукційна плита поверхня 28см 2100 Вт KESSER Німеччина,25224,В наявності,1999,https://prom.ua/ua/c4030097-berlinshop.html,https://images.prom.ua/6815000293_w640_h640_induktsionnaya-plita-poverhnost.jpg
Настільна газова плита Domotec MS 6602 / Двокомфорочний газовий таганок / Плита на дві комфорки,234562789,В наявності,625,https://prom.ua/ua/c4105388-easyshop.html,https://images.prom.ua/6850786276_w640_h640_nastolnaya-gazovaya-plita.jpg
Газова плита настільна компактна з двома конфорками для приготування їжі на дачі вдома.,688712-04 /BRN01,Готово до відправки,1105,https://prom.ua/ua/c4145565-horoshopp.html,https://images.prom.ua/6912522694_w640_h640_gazovaya-plita-nastolnaya.jpg
"Газова плита Grunhelm G4F5600W сіра 4 конфорки, газ-контроль, емаль легкого очищення, духовка 54 л, Туреччина",139414,Готово до відправки,7237,https://prom.ua/ua/c3047437-tehnokraj.html,https://images.prom.ua/6875843631_w640_h640_gazovaya-plita-grunhelm.jpg
Електрична інфрачервона плита MAGIO MG-442,8366~20,В наявності,1599,https://prom.ua/ua/c3726748-merkurij.html,https://images.prom.ua/5549853346_w640_h640_elektricheskaya-infrakrasnaya-plita.jpg
"Інфрачервона плита, настільна 2 конфорки 900-1200 Вт Domotec MS-5852",6814,Готово до відправки,1399,https://prom.ua/ua/c3290627-afa-7km.html,https://images.prom.ua/4919141703_w640_h640_infrakrasnaya-plita-nastolnaya.jpg
Электроплита настольная дисковая Rainberg RB-777 1200W,RB-777,Готово до відправки,305,https://prom.ua/ua/c3978301-sonechko.html,https://images.prom.ua/5978812906_w640_h640_elektroplita-nastolnaya-diskovaya.jpg
Електроплита побутова електрична Rainberg RB-009 <unk> Переносна,RB009 ,Готово до відправки,470,https://prom.ua/ua/c2906599-internet-magazin-aveon.html,https://images.prom.ua/6107493950_w640_h640_elektroplita-bytovaya-elektricheskaya.jpg
Плита комбінована DAHATI 2000-62X Нержавійка Гриль Чавун,,Готово до відправки,11600,https://prom.ua/ua/c177421-tov-armagaz-ukraina.html,https://images.prom.ua/4433550323_w640_h640_plita-kombinirovannaya-dahati.jpg
"Одноконфоркова індукційна електроплита Domotec MS-5833 2000 Вт, настільна електрична плитка від мережі",КТ0019-11,Готово до відправки,1190,https://prom.ua/ua/c3876645-iks.html,https://images.prom.ua/6325072318_w640_h640_odnokonforochnaya-induktsionnaya-elektroplita.jpg
"Кухонна електро плита Domotec 2000 Вт із сенсорним керуванням для кухні, електрична плита 1 конфорка",КТ0019-13,Готово до відправки,1189,https://prom.ua/ua/c3876645-iks.html,https://images.prom.ua/6325076748_w640_h640_kuhonnaya-elektro-plita.jpg
"Електроплита настільна одноконфоркова на 2 кВт, кухонна переносна сенсорна плита на одну конфорку",КТ0019-14,Готово до відправки,1189,https://prom.ua/ua/c3876645-iks.html,https://images.prom.ua/6325077776_w640_h640_elektroplita-nastolnaya-odnokonforochnaya.jpg
"Компактна потужна настільна плита MS-5833, індукційна електрична сенсорна плита для дачі",КТ0019-15,Готово до відправки,1188,https://prom.ua/ua/c3876645-iks.html,https://images.prom.ua/6325078456_w640_h640_kompaktnaya-moschnaya-nastolnaya.jpg
"Одинарна індукційна переносна плита Домотек Мс-5833, настільна побутова плита для приготування",КТ0019-16,Готово до відправки,1188,https://prom.ua/ua/c3876645-iks.html,https://images.prom.ua/6325079173_w640_h640_odinarnaya-induktsionnaya-perenosnaya.jpg
Настільна індукційна плита Prime Technics PIC 2010 CB,,Готово до відправки,1355,https://prom.ua/ua/c3695348-svitlozbarazh.html,https://images.prom.ua/6708195501_w640_h640_nastolnaya-induktsionnaya-plita.jpg
Газова плита настільна Nurgaz-3006 2-конфоркова,,В наявності,1190,https://prom.ua/ua/c2096850-internet-magazin-holla.html,https://images.prom.ua/4793924201_w640_h640_gazovaya-plita-nastolnaya.jpg
Газова настольна плита 3-х конфоркова Nurgaz-3007,,В наявності,1290,https://prom.ua/ua/c2096850-internet-magazin-holla.html,https://images.prom.ua/4020795947_w640_h640_gazova-nastolna-plita.jpg
Одноконфоркова індукційна електроплита 3500 вт Плити портативні Настільна плита для дому,RB2279-03,Готово до відправки,1157,https://prom.ua/ua/c3977051-internet-magazin-techno.html,https://images.prom.ua/6924893443_w640_h640_odnokonforochnaya-induktsionnaya-elektroplita.jpg
Індукційна кухонна плита rainberg 3500 вт з таймером Плитка індукційна 1 конфорки Плити настільні,RB2279-04,Готово до відправки,1156,https://prom.ua/ua/c3977051-internet-magazin-techno.html,https://images.prom.ua/6924893446_w640_h640_induktsionnaya-kuhonnaya-plita.jpg
Rainberg плита індукційна Плити електричні побутові 1 конфорка Індукційна плита грн Кухонні плити,RB2279-05,Готово до відправки,1155,https://prom.ua/ua/c3977051-internet-magazin-techno.html,https://images.prom.ua/6924893442_w640_h640_rainberg-plita-induktsionnaya.jpg
"Плита електрична 1000W, на одну конфорку, H-002F / Дискова електроплита / Компактна настільна плита",234565693,Готово до відправки,370,https://prom.ua/ua/c3163449-coolcat.html,https://images.prom.ua/4489975282_w640_h640_plita-elektricheskaya-1000w.jpg
Плита електрична RAF-R.8020B настільна кухонна плитка Електроплита Електричні настольні електроплисти wsx,00432,В наявності,509,https://prom.ua/ua/c3781744-olimp.html,https://images.prom.ua/4845645512_w640_h640_plita-elektricheskaya-raf.jpg
Плита електрична RAF-R.8010B настільна кухонна плитка Електроплита Електричні настольні електроплисти wsx,00430,В наявності,289,https://prom.ua/ua/c3781744-olimp.html,https://images.prom.ua/4845831338_w640_h640_plita-elektricheskaya-raf.jpg
Електрична настільна плита 2000Вт із двома конфорками біла портативна плитка для приготування їжі,TOP(234569371)VIP,Готово до відправки,691,https://prom.ua/ua/c3949391-kardinal.html,https://images.prom.ua/6907548071_w640_h640_elektricheskaya-nastolnaya-plita.jpg
Настільна газова плита Domotec двокомфоркова для дачі та кемпінгу портативний таганок з емальованою,TOP(234562789)VIP,Готово до відправки,821,https://prom.ua/ua/c3949391-kardinal.html,https://images.prom.ua/6907553319_w640_h640_nastolnaya-gazovaya-plita.jpg
Інфрачервона електроплита 2000Вт настільна із сенсорним керуванням для кухні компактна плита електр,TOP(234589746)VIP,Готово до відправки,1176,https://prom.ua/ua/c3949391-kardinal.html,https://images.prom.ua/6907555095_w640_h640_infrakrasnaya-elektroplita-2000vt.jpg
Компактна Електроплита Rainberg 1200 Вт,,Готово до відправки,390,https://prom.ua/ua/c4095429-trend.html,https://images.prom.ua/6899375073_w640_h640_kompaktnaya-elektroplita-rainberg.jpg
"Побутова електроплита одноконфорочна 2000 Вт з чавунним диском, 5 режимів роботи, переносна плита для дому",M-RB009,Готово до відправки,599,https://prom.ua/ua/c3824088-motoband.html,https://images.prom.ua/6792648183_w640_h640_bytovaya-elektroplita-odnokonforochnaya.jpg
"Настільна електроплита 3500 Вт з двома конфорками, термостатом, компактна електрична плита для дому",M-RB007,Готово до відправки,949,https://prom.ua/ua/c3824088-motoband.html,https://images.prom.ua/6840211483_w640_h640_nastolnaya-elektroplita-3500.jpg
Електроплита на одну конфорку переносна міні плита 2000 вт електрична одноконфоркова побутова плитка,M-9g6g483wq,Готово до відправки,599,https://prom.ua/ua/c3824088-motoband.html,https://images.prom.ua/6887896353_w640_h640_elektroplita-na-odnu.jpg
Плита електрична настільна MHW-3BOMBER Radiant Сooker 800W (RC5920),RC5920,Готово до відправки,2089,https://prom.ua/ua/c3869279-disscount.html,https://images.prom.ua/6588417229_w640_h640_plita-elektricheskaya-nastolnaya.jpg
Плита електрична галогенова променева MHW-3BOMBER Star Flame Halogen Beam Heater 400W (RC6139),RC6139,Готово до відправки,5490,https://prom.ua/ua/c3869279-disscount.html,https://images.prom.ua/6588417816_w640_h640_plita-elektricheskaya-galogenovaya.jpg
Плита електрична настільна MHW-3BOMBER Ceramic Electric Heating Base 800W Біла (RC6111W),RC6111W,Готово до відправки,2949,https://prom.ua/ua/c3869279-disscount.html,https://images.prom.ua/6638440396_w640_h640_plita-elektricheskaya-nastolnaya.jpg
"Побутова кухонна підлогова електроплита для дачі, Маленька електрична плитка 1 конфорка, Компактна переносна плита 1000вт",SB-061,В наявності,680,https://prom.ua/ua/c4058100-grancasa.html,https://images.prom.ua/6580604892_w640_h640_bytovaya-kuhonnaya-napolnaya.jpg
"Маленька компактна кухонна електроплита для дачі, Однокомфоркова електрична плитка на 1000 вт, Підлогова плита 1 конфорка","ЕПТ 1-1,0/220В(230В)(ш) М",В наявності,1115,https://prom.ua/ua/c4058100-grancasa.html,https://images.prom.ua/6580604894_w640_h640_malenkaya-kompaktnaya-kuhonnaya.jpg
"Переносна настільна електроплита на 1000 вт, Якісна кухонна підлогова електроплита для готування їжі поза домом, Електроплита",SB-061,В наявності,680,https://prom.ua/ua/c4058100-grancasa.html,https://images.prom.ua/6580604895_w640_h640_perenosnaya-nastolnaya-elektroplita.jpg
"Якісна потужна настільна електроплита на 1000вт, Маленька електрична плита для дачі, Побутова кухонна плита",SB-061,В наявності,680,https://prom.ua/ua/c4058100-grancasa.html,https://images.prom.ua/6580604892_w640_h640_kachestvennaya-moschnaj-nastolnaya.jpg
Газова плита таганок настільна Domotec MS-6603 3 конфорки Сірий (2658),2658,Готово до відправки,849,https://prom.ua/ua/c2481728-vigo-shop.html,https://images.prom.ua/4960617390_w640_h640_gazovaya-plita-taganok.jpg
Газова плита Eur Gas на дві конфорки двоконфоркова настільна плитка таганок зі скляною поверхнею,84134,Готово до відправки,1873,https://prom.ua/ua/c182364-vsesam.html,https://images.prom.ua/4239279022_w640_h640_gazovaya-plita-eur.jpg
Плита індукційна Crownberg CB 1323 2000 Вт GS227,11323CB03773,Готово до відправки,960,https://prom.ua/ua/c3867035-globoselect.html,https://images.prom.ua/5899428723_w640_h640_plita-induktsionnaya-crownberg.jpg
Плита електрична Canrey CEK 6004 TD Elite Antracite,83241,Готово до відправки,12500,https://prom.ua/ua/c3790590-3qmax.html,https://images.prom.ua/6675544418_w640_h640_plita-elektricheskaya-canrey.jpg
Плита комбінована DAHATI 2000-21,,Готово до відправки,7450,https://prom.ua/ua/c177421-tov-armagaz-ukraina.html,https://images.prom.ua/4405325290_w640_h640_plita-kombinirovannaya-dahati.jpg
"Індукційна плита Zilan ZLN8078, 2000 Вт, сенсорне керування",,Готово до відправки,2870,https://prom.ua/ua/c3979541-zone.html,https://images.prom.ua/6629230211_w640_h640_induktsionnaya-plita-zilan.jpg
Настільна електроплитка на 1 конфорку RAF R.8843 Одноконфоркова електрична плита,012939,В наявності,512,https://prom.ua/ua/c2821864-optbazainua.html,https://images.prom.ua/5714221066_w640_h640_nastolnaya-elektroplitka-1.jpg
Електрична інфрачервона плита Rainberg RB-816 5000W HP227,816RBELPLT,Готово до відправки,2606,https://prom.ua/ua/c3891842-happyhouse.html,https://images.prom.ua/5451341578_w640_h640_elektricheskaya-infrakrasnaya-plita.jpg
Індукційна плита настільна Clatronic EKI 3569 електроплита 2000 Вт склокераміка 1 конфорка W_3836,R3836,Готово до відправки,2511,https://prom.ua/ua/c2794498-whiteshopcomua.html,https://images.prom.ua/2660270898_w640_h640_induktsionnaya-plita-nastolnaya.jpg
"Електрична подвійна плита Klarstein Cookorama - потужність: 2250 Вт, розміри: 150/180 мм",43234573,Готово до відправки,2625,https://prom.ua/ua/c3687987-electroboom.html,https://images.prom.ua/6697367883_w640_h640_elektricheskaya-dvojnaya-plita.jpg
Плита газова з електродуховкою Ventolux GE 6060 CS 6MT (WH) біла,,В наявності,14777,https://prom.ua/ua/c783746-svit-komfortu-pobutova.html,https://images.prom.ua/4242380120_w640_h640_plita-gazovaya-s.jpg
Професійна інфрачервона плита подвійна Edenberg Німеччина на дві конфорки Підходить для будь-якого посуду,,Готово до відправки,2020,https://prom.ua/ua/c3871385-internet-magazin-grandmarket24.html,https://images.prom.ua/6452727938_w640_h640_professionalnaya-infrakrasnaya-plita.jpg
Електроплита на дві конфорки настільна дискова Rainberg 2400 вт від мережі з 5 режимами роботи COYTEO,A-RB999,Готово до відправки,915,https://prom.ua/ua/c4141877-coyote.html,https://images.prom.ua/6856780991_w640_h640_elektroplita-na-dve.jpg
Плита газова 2х конфоркова настільна під балон Rainberg із системою електрозапалювання COYTEO,A-RB2231,Готово до відправки,1755,https://prom.ua/ua/c4141877-coyote.html,https://images.prom.ua/6856781270_w640_h640_plita-gazovaya-2h.jpg
Електроплита настільна одноконфоркова дискова Crownberg 1000 Вт від мережі з 5 режимами роботи COYTEO,A-СВ3742,Готово до відправки,455,https://prom.ua/ua/c4141877-coyote.html,https://images.prom.ua/6856782012_w640_h640_elektroplita-nastolnaya-odnokonforochnaya.jpg
"Компактна переносна електроплита на 1 конфорку спіральна 1000 вт, Електричні плити настільні ODN COYTEO",A-H001,Готово до відправки,455,https://prom.ua/ua/c4141877-coyote.html,https://images.prom.ua/6856782036_w640_h640_perenosnaya-kompaktnaya-elektroplita.jpg
"Електроплита настільна побутова на 1 конфорку Crownberg, Електричні плити настільні 1000 Вт COYTEO",A-СВ3742-а,Готово до відправки,464,https://prom.ua/ua/c4141877-coyote.html,https://images.prom.ua/6856781134_w640_h640_elektroplita-nastolnaya-bytovaya.jpg
Плита електрична настільна двоконфоркова 2х1000w 14см Stenson ME-0013S 143034,ME-0013S,В наявності,465,https://prom.ua/ua/c2195879-ebrand.html,https://images.prom.ua/3724960011_w640_h640_plita-elektricheskaya-nastolnaya.jpg
"Плита електрична настільна двоконфоркова 2х1000w 15,5см Stenson ME-0014S 195894",ME-0014S,В наявності,565,https://prom.ua/ua/c2195879-ebrand.html,https://images.prom.ua/3726072408_w640_h640_plita-elektricheskaya-nastolnaya.jpg
"Газова плита Grunhelm G4FG66124GB 4 конфорки, конфорка WOK, духовка 70 л, газ-контроль, електропідпал",146330,Готово до відправки,12197,https://prom.ua/ua/c3047437-tehnokraj.html,https://images.prom.ua/6875994622_w640_h640_gazovaya-plita-grunhelm.jpg
"Газ плита настільна на 2 конфорки для маленької кухні, газова плита без духовки для балонного газу BBV",865050001,Готово до відправки,1637,https://prom.ua/ua/c4006052-buyforsmile.html,https://images.prom.ua/6418944931_w640_h640_gaz-plita-nastolnaya.jpg
Настільна плита електрична індукційна ROTEX RIO250-G Duo на дві конфорки,RIO250-G,Готово до відправки,3949,https://prom.ua/ua/c2881113-feyeriya.html,https://images.prom.ua/6243602484_w640_h640_nastolnaya-plita-elektricheskaya.jpg
"Електропліта настільна індукційна Gorenje ICR2000SP, індукційна плита із сенсорним керуванням, 2000 Вт",ICR2000SP,Готово до відправки,1799,https://prom.ua/ua/c2881113-feyeriya.html,https://images.prom.ua/6286247341_w640_h640_elektroplita-nastolnaya-induktsionnaya.jpg
"Індукційна плита Klarstein VariCook Slim, Німеччина",30684,Готово до відправки,5700,https://prom.ua/ua/c3355696-mir-tehniki-evropy.html,https://images.prom.ua/6253621196_w640_h640_induktsionnaya-plita-klarstein.jpg
"Уцінка Індукційна плита Індукційна варильна поверхня Klarstein VariCook Neo, Німеччина",45285-3,Готово до відправки,4900,https://prom.ua/ua/c3355696-mir-tehniki-evropy.html,https://images.prom.ua/6363289974_w640_h640_utsenka-induktsionnaya-plita.jpg
"Інфрачервона плита Klarstein VariCook Domino, Німеччина",30683-3,Готово до відправки,4700,https://prom.ua/ua/c3355696-mir-tehniki-evropy.html,https://images.prom.ua/6364434284_w640_h640_infrakrasnaya-plita-klarstein.jpg
"Індукційна плита Індукційна варильна поверхня Klarstein Cookio, Німеччина",45282-3,Готово до відправки,4400,https://prom.ua/ua/c3355696-mir-tehniki-evropy.html,https://images.prom.ua/6380393549_w640_h640_induktsionnaya-plita-induktsionnaya.jpg
"Електроплита інфрачервона RAF R.8004, 2000 Вт OG",MS-14065/01_G,Готово до відправки,1249,https://prom.ua/ua/c3932472-ogo-shop.html,https://images.prom.ua/6535781023_w640_h640_elektroplita-infrakrasnaya-raf.jpg
Настільна електроплита на 1 конфорку 1500 Вт 185 мм Camry Електрична плитка одноконфоркова плита для дачі,7-0422,Готово до відправки,859,https://prom.ua/ua/c3972135-kodo.html,https://images.prom.ua/6509278636_w640_h640_nastolnaya-elektroplita-na.jpg
Газова плита Gas Cooker ZBES Gas Burner ZG-2052 на 2 конфорки,1756375579,В наявності,1704,https://prom.ua/ua/c3025820-nove-misto-shop.html,https://images.prom.ua/4087067396_w640_h640_gazovaya-plita-gas.jpg
Індукційна плита на дві конфорки Camry CR 6514 3500Вт,CR6514,Готово до відправки,4699,https://prom.ua/ua/c2676860-lemon.html,https://images.prom.ua/3936550474_w640_h640_induktsionnaya-plita-na.jpg
Настільна електроплита Clatronic DKP 3668,SLM_55854,Під замовлення. Відправка з 19.11.2025,1727,https://prom.ua/ua/c2811257-internet-magazin-kachestvennyh.html,https://images.prom.ua/1715085916_w640_h640_nastolnaya-elektroplita-clatronic.jpg
Газова плита ViLgrand VGS-1012 на дві конфорки двоконфоркова настільна плитка таганок,87444,Готово до відправки,1148,https://prom.ua/ua/c182364-vsesam.html,https://images.prom.ua/6719294285_w640_h640_gazovaya-plita-vilgrand.jpg
Газова плита ViLgrand VGS-1014 на три конфорки триконфоркова настільна плитка таганок,87445,Готово до відправки,1299,https://prom.ua/ua/c182364-vsesam.html,https://images.prom.ua/6719310490_w640_h640_gazovaya-plita-vilgrand.jpg
"Електроплита інфрачервона RAF R.8004, 2000 Вт EN",MS-14065/01_E,Готово до відправки,1349,https://prom.ua/ua/c3459306-emily-nails-iii.html,https://images.prom.ua/6535767266_w640_h640_elektroplita-infrakrasnaya-raf.jpg
Індукційна плитка настільна 2000 Вт Camry Електроплитка одноконфорочна (Настільні індукційні плити),7-0475,Готово до відправки,2255,https://prom.ua/ua/c3972135-kodo.html,https://images.prom.ua/6550075609_w640_h640_induktsionnaya-plitka-nastolnaya.jpg
Плита настольная электрическая Vegas VEP-0010,2491~01,В наявності,499,https://prom.ua/ua/c3726748-merkurij.html,https://images.prom.ua/3930922823_w640_h640_plita-nastolnaya-elektricheskaya.jpg
Плита газова Grunhelm G4FM6611W 127338 Газова плита з духовкою автоматичний підпал tp,BP-127338,Готово до відправки,13039,https://prom.ua/ua/c3539998-mega-tool.html,https://images.prom.ua/6721257039_w640_h640_plita-gazovaya-grunhelm.jpg
"Газова настільна плита Yucel O-200-LPG, 2 конфорки, чорний колір",W_12291,Готово до відправки,792,https://prom.ua/ua/c3639259-lavka-podarkov.html,https://images.prom.ua/6290191464_w640_h640_gazovaya-nastolnaya-plita.jpg
Електроплита настільна спіральна 1000W компактна з регульованим термостатом і прогумованими ніжками BZN,CB3740/nzb,Готово до відправки,444,https://prom.ua/ua/c3994830-bizon-praktichnye-resheniya.html,https://images.prom.ua/6228060214_w640_h640_elektroplita-nastolnaya-spiralnaya.jpg
"Настільні плити для кухні, Маленька електрична плитка, Електрична кухонна плита з двома конфорками UC-29",ku6792a91,Готово до відправки,706,https://prom.ua/ua/c4128973-godzilla-market.html,https://images.prom.ua/6820444429_w640_h640_elektricheskie-plity-horoshego.jpg
Спіральна електрична плита на дві комфорки 2000W,code1137,Готово до відправки,490,https://prom.ua/ua/c3986987-internet-magazin-vint.html,https://images.prom.ua/6242463261_w640_h640_spiralnaya-elektricheskaya-plita.jpg
"Електрична плита на 2 конфорки 2500 Вт Adler Електроплита (Плита настільна) 2 конфорки,Електроплити",7-1622,Готово до відправки,1199,https://prom.ua/ua/c3972135-kodo.html,https://images.prom.ua/6829375537_w640_h640_elektricheskaya-plita-na.jpg
"Плита електрична Walesberg WB-4047, Настільна двоконфорочна плита, Електроплитка дискова, Електроплитка дискова",HT 1323,Готово до відправки,799,https://prom.ua/ua/c3418495-aktualnye-tovary-samym.html,https://images.prom.ua/4381957465_w640_h640_plita-elektricheskaya-walesberg.jpg
Плита індукційна електрична настільна Hausberg HB-1527RZ 2000 Вт рожева kalyna,YAV_4419386,Готово до відправки,1655,https://prom.ua/ua/c4054788-lamp.html,https://images.prom.ua/6908175540_w640_h640_plita-induktsionnaya-elektricheskaya.jpg
Плита газоелектрична 58 л електродуховка Grunhelm FG5612BU 138356 Плити комбіновані побутові tp,BP-138356,Готово до відправки,16569,https://prom.ua/ua/c3539998-mega-tool.html,https://images.prom.ua/6721257199_w640_h640_plita-gazoelektricheskaya-58.jpg
"Інфрачервона плита настільна Лівстар Австрія 2000W Плита кухонна електрична, для будь-якого посуду",,Готово до відправки,1492,https://prom.ua/ua/c3871385-internet-magazin-grandmarket24.html,https://images.prom.ua/5031102930_w640_h640_infrakrasnaya-plita-nastolnaya.jpg
Плита газова побутова DAHATI 2000-07Х Нержавійка Чавун,,Готово до відправки,7200,https://prom.ua/ua/c177421-tov-armagaz-ukraina.html,https://images.prom.ua/5162221934_w640_h640_plita-gazovaya-bytovaya.jpg
"Плита електрична Domotec MS-5821 1кф., 1000Вт. (Сірий)",3028,Готово до відправки,350,https://prom.ua/ua/c4052342-veles.html,https://images.prom.ua/6917636646_w640_h640_plita-elektricheskaya-domotec.jpg
Плита комбінована Ardesto FSС-F6060PS 64 л срібляста kalyna,YAV_4634959,Готово до відправки,18684,https://prom.ua/ua/c4054788-lamp.html,https://images.prom.ua/6908184632_w640_h640_plita-kombinirovannaya-ardesto.jpg
Настільна газова двокамфорна плита StarLux 2-камфорна,6002,Готово до відправки,715,https://prom.ua/ua/c3766877-internet-magazin-100.html,https://images.prom.ua/4295932076_w640_h640_nastolnaya-gazovaya-dvuhkamfornaya.jpg
Електроплитка SeaBreeze SB060,,Готово до відправки,455,https://prom.ua/ua/c2936600-internet-magazin-superznizhka.html,https://images.prom.ua/3757408068_w640_h640_elektroplitka-seabreeze-sb060.jpg
Плита газова з електричною духовкою Grunhelm AM6611W (Біла),,Готово до відправки,10399,https://prom.ua/ua/c4063385-pobytteh-zavzhdi-dopomozhe.html,https://images.prom.ua/6498739466_w640_h640_plita-gazovaya-s.jpg
Плита газова з електричною духовкою Grunhelm FD661234BE (Бежева),,Готово до відправки,14700,https://prom.ua/ua/c4063385-pobytteh-zavzhdi-dopomozhe.html,https://images.prom.ua/6498747297_w640_h640_plita-gazovaya-s.jpg
Плита газова з електричною духовкою Grunhelm FG56113BE (Бежева),,Готово до відправки,12799,https://prom.ua/ua/c4063385-pobytteh-zavzhdi-dopomozhe.html,https://images.prom.ua/6498787692_w640_h640_plita-gazovaya-s.jpg
Плита індукційна електрична настільна Hausberg HB-1526AB 2000 Вт біла lamp,YAV_4419385,Готово до відправки,1655,https://prom.ua/ua/c4054788-lamp.html,https://images.prom.ua/6917018567_w640_h640_plita-induktsionnaya-elektricheskaya.jpg
Індукційна плита Adler AD 6516 3500Вт,id_2142,В наявності,5135,https://prom.ua/ua/c2619849-europro-tehnika-evropy.html,https://images.prom.ua/6798314040_w640_h640_induktsionnaya-plita-adler.jpg
Індукційна плита Camry CR 6515 2000W,id_2001,В наявності,2275,https://prom.ua/ua/c2619849-europro-tehnika-evropy.html,https://images.prom.ua/6415587531_w640_h640_induktsionnaya-plita-camry.jpg
Індукційна плита VOV 2000 Вт таймер захист від перегріву,VIC2209,В наявності,1145,https://prom.ua/ua/c2619849-europro-tehnika-evropy.html,https://images.prom.ua/6054309866_w640_h640_induktsionnaya-plita-vov.jpg
"Інфрачервона плита DOMOTEC Німеччина, одноконфоркова електроплита 2000 Вт, будь-який посуд КОД UI 479",,Готово до відправки,1529,https://prom.ua/ua/c3871385-internet-magazin-grandmarket24.html,https://images.prom.ua/5031094291_w640_h640_infrakrasnaya-plita-domotec.jpg
Індкційна плита,RB-811,Готово до відправки,1250,https://prom.ua/ua/c3796454-ghivi-home588-tovary.html,https://images.prom.ua/6171877860_w640_h640_indktsijna-plita.jpg
Електроплита Crownberg Чорний Індукційна електроплита настільна Маленька електроплита на 1 конфорку,СВ-1324,Готово до відправки,1550,https://prom.ua/ua/c3796454-ghivi-home588-tovary.html,https://images.prom.ua/6178095656_w640_h640_elektroplita-crownberg-chernyj.jpg
"Електрична плита Rainberg з 2 спіральними конфорками 3500 Вт, Кухонна плита з механічним керуванням",RB-008,Готово до відправки,890,https://prom.ua/ua/c4083649-shop-smiley-dlya.html,https://images.prom.ua/6884692258_w640_h640_elektricheskaya-plita-rainberg.jpg
"Настільна плита з регуляторами температури та захистом від перегріву, Подвійна варильна поверхня для дому 3500Вт",RB-008,Готово до відправки,891,https://prom.ua/ua/c4083649-shop-smiley-dlya.html,https://images.prom.ua/6884764218_w640_h640_nastolnaya-plita-s.jpg
"Двоконфорочна електроплита з нержавіючої сталі 3500Вт, Компактна варильна поверхня для кухні з термостатом",RB-008,Готово до відправки,892,https://prom.ua/ua/c4083649-shop-smiley-dlya.html,https://images.prom.ua/6884900176_w640_h640_dvuhkonforochnaya-elektroplita-iz.jpg
Настільна газова плита Domotec MS-6601 на 1 конфорку iC227,6601MSPLT,Готово до відправки,314,https://prom.ua/ua/c3873618-iziclick.html,https://images.prom.ua/5074471759_w640_h640_nastolnaya-gazovaya-plita.jpg
"Плита електрична настільна 2 кВт, 2 конфорки DESK",000014038,Готово до відправки,998,https://prom.ua/ua/c3727815-internet-magazin-gigatools.html,https://images.prom.ua/4041055526_w640_h640_plita-elektricheskaya-nastolnaya.jpg
Інфрачервона плита Edenberg Німеччина 1500 Вт будь-який посуд WE 5674 JK,,Готово до відправки,1067,https://prom.ua/ua/c3871385-internet-magazin-grandmarket24.html,https://images.prom.ua/6502245088_w640_h640_infrakrasnaya-plita-edenberg.jpg
Електроплита індукційна Ardesto ICS-B100 2000 Вт flamingo,YAV_4254227,Готово до відправки,1480,https://prom.ua/ua/c4006153-flamingo.html,https://images.prom.ua/6379333049_w640_h640_elektroplita-induktsionnaya-ardesto.jpg
"Електрокерамічна одноконфоркова плита, 800 V (Electric Stove)", 9-0-0029,Готово до відправки,1767,https://prom.ua/ua/c3141072-chajnaya-lavka-tea.html,https://images.prom.ua/4287437763_w640_h640_elektrokeramicheskaya-odnokonforochnaya-plita.jpg
"Електроплита Леміра ЕПЧ-Т 2-3,0кВт дві чавунні конфорки",Лемира 2Б,Готово до відправки,1828,https://prom.ua/ua/c1917634-internet-magazin-elektro.html,https://images.prom.ua/206438674_w640_h640_elektroplita-lemira-epch-t.jpg
Плита інфрачервона Crownberg CB 1325 2000 Вт iC227,1325CB,Готово до відправки,1027,https://prom.ua/ua/c3873618-iziclick.html,https://images.prom.ua/5083690565_w640_h640_plita-infrakrasnaya-crownberg.jpg
Настільна інфрачервона плита з таймером Rainberg 3500 Вт Плита електрична одноконфоркова,RB-2278,Готово до відправки,1379,https://prom.ua/ua/c4015320-technics.html,https://images.prom.ua/6276632792_w640_h640_nastolnaya-infrakrasnaya-plita.jpg
Плита індукційна на 1 конфорку Rainberg Індукційна настільна плита одноконфоркова 2800Вт чорна,RB-2280,Готово до відправки,1145,https://prom.ua/ua/c4015320-technics.html,https://images.prom.ua/6276634782_w640_h640_plita-induktsionnaya-na.jpg
Електроплита настільна на 2 конфорки спіральна для дачі та подорожей потужністю 2000 Вт BROWN,СВ3744 /BRN01,Готово до відправки,761,https://prom.ua/ua/c4145565-horoshopp.html,https://images.prom.ua/6909397122_w640_h640_elektroplita-nastolnaya-na.jpg
Настільний газовий таганок (газова плита) на 4 конфорки Edenberg EB-62304-Gray,EB-62304-Gray,Готово до відправки,1104,https://prom.ua/ua/c3393440-intromag.html,https://images.prom.ua/3977051212_w640_h640_nastolnyj-gazovyj-taganok.jpg
Плита газова побутова DAHATI 2000-17S Нержавійка,,Готово до відправки,7100,https://prom.ua/ua/c177421-tov-armagaz-ukraina.html,https://images.prom.ua/4010979627_w640_h640_plita-gazovaya-bytovaya.jpg
"Газова Плита Steel Domotec MS 6606 (Настільна 2 конфорки), Переносна Пічка",SK 2029,Готово до відправки,929,https://prom.ua/ua/c3842843-novejshie-tovary-samym.html,https://images.prom.ua/5082110421_w640_h640_gazovaya-plita-steel.jpg
"Електрична дискова плита JX-1010A, Одноконфорочна електроплита, Плитка електрична настільна, Плитка електрична настільна",NK 16120,Готово до відправки,329,https://prom.ua/ua/c3418495-aktualnye-tovary-samym.html,https://images.prom.ua/4193559450_w640_h640_elektricheskaya-diskovaya-plita.jpg
"Портативна одноконфоркова газова плита з п'єзопідпалом та вітрозахисним бар'єром, біла.",2027,Готово до відправки,1699,https://prom.ua/ua/c3313626-sya.html,https://images.prom.ua/4133190850_w640_h640_portativnaya-odnokonforochnaya-gazovaya.jpg
Плита газоелектрична Grunhelm FG5612DG Сірий Дзеркальна газоелектрична плита,138367,Готово до відправки,11600,https://prom.ua/ua/c3925516-samsara-internet-magazin.html,https://images.prom.ua/6646089921_w640_h640_plita-gazoelektricheskaya-grunhelm.jpg
Електроплита переносна електрична для дачі та кухні компактна з потужністю 2000 Вт BROWN,RB009  /BRN01,Готово до відправки,814,https://prom.ua/ua/c4145565-horoshopp.html,https://images.prom.ua/6909372840_w640_h640_elektroplita-perenosnaya-elektricheskaya.jpg
Електрична двоконфоркова спіральна плита 2 кф EDENBERG EB-62166 PD,EB-62166,Готово до відправки,578,https://prom.ua/ua/c3826889-primediscount.html,https://images.prom.ua/4582649270_w640_h640_elektricheskaya-dvuh-konforochnaya.jpg
Плита електрична Domotec MS-5821 1 Д 1000Вт. (Сірий) 3028 PD,8907,Готово до відправки,294,https://prom.ua/ua/c3826889-primediscount.html,https://images.prom.ua/4602627361_w640_h640_plita-elektricheskaya-domotec.jpg
"Настільний газовий таганок, плита з нержавійка ""Мрія"" на 2 конфорки під балонний газ",,Готово до відправки,1310,https://prom.ua/ua/c4031240-tehnohome.html,https://images.prom.ua/6341604452_w640_h640_nastolnyj-gazovyj-taganok.jpg
Плита електрична інфрачервона Edenberg на 2 комфорки 2500Вт настільна (EB-62271),EB-62271,Готово до відправки,1470,https://prom.ua/ua/c3908424-goodkitchen.html,https://images.prom.ua/6480908214_w640_h640_plita-elektricheskaya-infrakrasnaya.jpg
Настільна плита Sokany SK07005,1398,В наявності,799,https://prom.ua/ua/c4052581-zakupay.html,https://images.prom.ua/6657638627_w640_h640_nastolnaya-plita-sokany.jpg
Плита індукційна електрична настільна Rotex RIO215-G 1400 Вт чорна flamingo,YAV_4791034,Готово до відправки,1838,https://prom.ua/ua/c4006153-flamingo.html,https://images.prom.ua/6379414987_w640_h640_plita-induktsionnaya-elektricheskaya.jpg
"Компактна двокомфоркова електроплита настільна побутова, електро плити настільні для дому та дачі 4000W",,Готово до відправки,2880,https://prom.ua/ua/c3902907-best-shop.html,https://images.prom.ua/5613709005_w640_h640_kompaktnaya-dvuhkomforochnaya-elektroplita.jpg
"Побутова кухонна настільна двоконфоркова електроплита 2 кВт, побутові сенсорні електроплити для дому та дачі",,Готово до відправки,2882,https://prom.ua/ua/c3902907-best-shop.html,https://images.prom.ua/5613786324_w640_h640_bytovaya-kuhonnaya-nastolnaya.jpg
Плита DAHATI 2000-65,,Готово до відправки,7440,https://prom.ua/ua/c177421-tov-armagaz-ukraina.html,https://images.prom.ua/6644533345_w640_h640_plita-dahati-2000-65.jpg
Портативна індукційна плита Silver Crest,0450,Готово до відправки,4950,https://prom.ua/ua/c3556972-roman-sambirskuy.html,https://images.prom.ua/6858811145_w640_h640_portativna-induktsijna-plita.jpg
Плита електрична індукційна Kingberg 2000Вт (KB-2057),KB-2057,Готово до відправки,1270,https://prom.ua/ua/c3379467-sokol-shop.html,https://images.prom.ua/5353208241_w640_h640_plita-elektricheskaya-induktsionnaya.jpg
Електроплита індукційна Сamry СR-6514 3500 Вт flamingo,YAV_4387372,Готово до відправки,6926,https://prom.ua/ua/c4006153-flamingo.html,https://images.prom.ua/6379413157_w640_h640_elektroplita-induktsionnaya-samry.jpg
"Плита електрична Домотек Німеччина тен 1кф., 1000Вт",,Готово до відправки,475,https://prom.ua/ua/c3871385-internet-magazin-grandmarket24.html,https://images.prom.ua/5031092508_w640_h640_plita-elektricheskaya-domotek.jpg
Електрична плитка RAF 8020B на дві конфорки спіральна,8020B,Готово до відправки,1033,https://prom.ua/ua/c3123235-melkaya-elektronika-posuda.html,https://images.prom.ua/6268667687_w640_h640_elektricheskaya-plitka-raf.jpg
Плита одноконфоркова настільна електрична спіральна RAF R.8010B,R.8010B,Готово до відправки,492,https://prom.ua/ua/c3123235-melkaya-elektronika-posuda.html,https://images.prom.ua/5712197935_w640_h640_plita-odnokonfornaya-elektricheskaya.jpg
Плита електрична настільна Edenberg EB-62196 2000 Вт,EB-62196,Готово до відправки,1181,https://prom.ua/ua/c3123235-melkaya-elektronika-posuda.html,https://images.prom.ua/4678868511_w640_h640_plita-elektricheskaya-nastolnaya.jpg
Плита електрична на 1 комфорку Stenson ME-0011,ME-0011,Готово до відправки,397,https://prom.ua/ua/c2772765-avooska-magazin-dlya.html,https://images.prom.ua/2741756259_w640_h640_plita-elektricheskaya-na.jpg
Комбінована плита MILANO ML50 EF50 50см (сталева) 509007,179383,В наявності,12600,https://prom.ua/ua/c2683365-internet-magazin-milsi.html,https://images.prom.ua/6379875064_w640_h640_kombinovana-plita-milano.jpg
Газова плита Domotec MS 6601,004871,В наявності,460,https://prom.ua/ua/c2821864-optbazainua.html,https://images.prom.ua/3026005721_w640_h640_gazovaya-plita-domotec.jpg
Настільна електроплита дискова RAF 8007B на дві конфорки 2000 Вт,012945,В наявності,1177,https://prom.ua/ua/c2821864-optbazainua.html,https://images.prom.ua/5714507913_w640_h640_nastolnaya-elektroplita-diskovaya.jpg
"Індукційна плита, 2000Вт, 1 конфорка, СВ-1323/ Настільна плита електрична / Електроплита індукційна",234589862,Готово до відправки,865,https://prom.ua/ua/c4104603-trendly.html,https://images.prom.ua/6715222623_w640_h640_induktsionnaya-plita-2000vt.jpg
Електрична плита Crownberg CB-1327 настільна інфрачервона на 2 конфорки по 2000 Вт,CB1327,Готово до відправки,3270,https://prom.ua/ua/c3951429-lajm.html,https://images.prom.ua/5714555798_w640_h640_elektricheskaya-plita-crownberg.jpg
Плита електрична Hot Plate. Однокомфорочка 15 см,0021,Готово до відправки,525,https://prom.ua/ua/c3819734-shopping-fun.html,https://images.prom.ua/4510293170_w640_h640_plita-elektrichna-hot.jpg
Настільна плита індукційна Ardesto ICS-B216,84382,Готово до відправки,2600,https://prom.ua/ua/c3790590-3qmax.html,https://images.prom.ua/6659374971_w640_h640_nastolnaya-induktsionnaya-plita.jpg
Електрична плита RAF-8020A 2000 Вт дискова,,Готово до відправки,734,https://prom.ua/ua/c1137453-miropt-internet-magazin.html,https://images.prom.ua/6808906282_w640_h640_elektricheskaya-plita-raf-8020a.jpg
Газова плита Domotec MS 6604 з 4 конфорками для балонного газу,10474,Готово до відправки,1290,https://prom.ua/ua/c3980750-typestory.html,https://images.prom.ua/6399018306_w640_h640_gazovaya-plita-domotec.jpg
"Плита для любителів готувати, Надійна настільна плита для дому Портативна готування DF-45",8p68v6dy4,Готово до відправки,479,https://prom.ua/ua/c2980938-menprot.html,https://images.prom.ua/5179010394_w640_h640_mini-elektroplita-domotec.jpg
"Кухонна плита для маленької кухні Sea, Побутова плита для приготування Портативна готування ON-32",l25698akya,Готово до відправки,623,https://prom.ua/ua/c2980938-menprot.html,https://images.prom.ua/5249526223_w640_h640_kuhonnaya-plita-dlya.jpg
